hardcover,fiction
hardcover,fiction
hardcover,fiction
hardcover,fiction
hardcover,fiction
hardcover,fiction
hardcover,fiction
hardcover,fiction
hardcover,fiction
hardcover,fiction
hardcover,fiction
hardcover,fiction
hardcover,fiction
hardcover,nonfiction
hardcover,nonfiction
hardcover,nonfiction
hardcover,nonfiction
hardcover,nonfiction
hardcover,nonfiction
hardcover,nonfiction
hardcover,nonfiction
hardcover,nonfiction
hardcover,nonfiction
hardcover,nonfiction
hardcover,nonfiction
hardcover,nonfiction
hardcover,nonfiction
hardcover,nonfiction
paperback,nonfiction
paperback,nonfiction
paperback,nonfiction
paperback,nonfiction
paperback,nonfiction
paperback,nonfiction
paperback,nonfiction
paperback,nonfiction
paperback,fiction
paperback,fiction
paperback,fiction
paperback,fiction
paperback,fiction
paperback,fiction
paperback,fiction
paperback,fiction
paperback,fiction
paperback,fiction
paperback,fiction
paperback,fiction
paperback,fiction
paperback,fiction
paperback,fiction
paperback,fiction
paperback,fiction
paperback,fiction
paperback,fiction
paperback,fiction
paperback,fiction
paperback,fiction
paperback,fiction
paperback,fiction
paperback,fiction
paperback,fiction
paperback,fiction
paperback,fiction
paperback,fiction
paperback,fiction
paperback,fiction
paperback,fiction
paperback,fiction
paperback,fiction
paperback,fiction
paperback,fiction
paperback,fiction
paperback,fiction
paperback,fiction
paperback,fiction
paperback,fiction
paperback,fiction
paperback,fiction
paperback,fiction
paperback,fiction
paperback,fiction
paperback,fiction
paperback,fiction
paperback,fiction
paperback,fiction
paperback,fiction
paperback,fiction
paperback,fiction
paperback,fiction
paperback,fiction
paperback,fiction
paperback,fiction
paperback,fiction
paperback,fiction